{
  "browser": "Chrome 143.0.0.0",
  "bundle_sizes": {},
  "dom_performance": {
    "coi": {
      "Create 1,000 rows": {
        "mean": 86.04000000357628,
        "median": 85.29999999701977,
        "min": 82.80000001192093,
        "max": 91.5,
        "stddev": 3.3478351173733607
      },
      "Clear rows": {
        "mean": 11.439999997615814,
        "median": 10.700000002980232,
        "min": 9.700000002980232,
        "max": 15.799999997019768,
        "stddev": 2.483545851442068
      },
      "Create 1,000 rows (2nd)": {
        "mean": 87.54000000059605,
        "median": 85.8999999910593,
        "min": 81.70000000298023,
        "max": 93.40000000596046,
        "stddev": 4.97724823691378
      },
      "Update 1,000 rows": {
        "mean": 10.5,
        "median": 10.400000005960464,
        "min": 8.799999997019768,
        "max": 12.299999997019768,
        "stddev": 1.2884098724990294
      },
      "Swap rows": {
        "mean": 10.219999998807907,
        "median": 10.299999997019768,
        "min": 9,
        "max": 11,
        "stddev": 0.7395944833228418
      },
      "Clear rows (2nd)": {
        "mean": 10.639999997615813,
        "median": 10.899999991059303,
        "min": 7.5999999940395355,
        "max": 12.899999991059303,
        "stddev": 1.9086644542056894
      }
    },
    "react": {
      "Create 1,000 rows": {
        "mean": 76.93999999761581,
        "median": 74.59999999403954,
        "min": 70.69999998807907,
        "max": 83.5,
        "stddev": 6.012736485758966
      },
      "Clear rows": {
        "mean": 5.720000001788139,
        "median": 5.100000008940697,
        "min": 4.5999999940395355,
        "max": 8.400000005960464,
        "stddev": 1.5896540543236344
      },
      "Create 1,000 rows (2nd)": {
        "mean": 75.66000000238418,
        "median": 73.6000000089407,
        "min": 71.90000000596046,
        "max": 80.20000000298023,
        "stddev": 3.7627117882889376
      },
      "Update 1,000 rows": {
        "mean": 39.5,
        "median": 47.19999998807907,
        "min": 26.600000008940697,
        "max": 48.79999999701977,
        "stddev": 11.6081867622645
      },
      "Swap rows": {
        "mean": 62.359999996423724,
        "median": 58.20000000298023,
        "min": 55.79999999701977,
        "max": 71.09999999403954,
        "stddev": 7.535449556016236
      },
      "Clear rows (2nd)": {
        "mean": 6.479999998211861,
        "median": 5,
        "min": 5,
        "max": 12,
        "stddev": 3.090631004314164
      }
    },
    "vue": {
      "Create 1,000 rows": {
        "mean": 77.64000000059605,
        "median": 73.29999999701977,
        "min": 71.20000000298023,
        "max": 89.09999999403954,
        "stddev": 7.908729351365537
      },
      "Clear rows": {
        "mean": 4.779999998211861,
        "median": 4.700000002980232,
        "min": 2.4000000059604645,
        "max": 7.0999999940395355,
        "stddev": 1.6724233870215002
      },
      "Create 1,000 rows (2nd)": {
        "mean": 71.29999999701977,
        "median": 71,
        "min": 67.79999999701977,
        "max": 74.09999999403954,
        "stddev": 2.403122969224714
      },
      "Update 1,000 rows": {
        "mean": 51.71999999880791,
        "median": 51.70000000298023,
        "min": 49.29999999701977,
        "max": 53.79999999701977,
        "stddev": 1.7498571392142837
      },
      "Swap rows": {
        "mean": 16.37999999821186,
        "median": 15.5,
        "min": 13.599999994039536,
        "max": 20.899999991059303,
        "stddev": 2.8065993628710757
      },
      "Clear rows (2nd)": {
        "mean": 6.019999998807907,
        "median": 4.4000000059604645,
        "min": 3.7000000029802322,
        "max": 13.199999988079071,
        "stddev": 4.0350960274492556
      }
    },
    "svelte": {
      "Create 1,000 rows": {
        "mean": 80.0199999988079,
        "median": 75.79999999701977,
        "min": 75.59999999403954,
        "max": 96.70000000298023,
        "stddev": 9.328290306797507
      },
      "Clear rows": {
        "mean": 4.6,
        "median": 5,
        "min": 2.7000000029802322,
        "max": 5.5999999940395355,
        "stddev": 1.1202678235242327
      },
      "Create 1,000 rows (2nd)": {
        "mean": 76.37999999821186,
        "median": 76,
        "min": 73.90000000596046,
        "max": 79,
        "stddev": 1.9753480689119278
      },
      "Update 1,000 rows": {
        "mean": 41.18000000417233,
        "median": 40.400000005960464,
        "min": 39.1000000089407,
        "max": 45,
        "stddev": 2.4170229587391763
      },
      "Swap rows": {
        "mean": 9.640000000596046,
        "median": 9.400000005960464,
        "min": 8.900000005960464,
        "max": 10.399999991059303,
        "stddev": 0.6348228060041733
      },
      "Clear rows (2nd)": {
        "mean": 6.459999996423721,
        "median": 4.700000002980232,
        "min": 4.5,
        "max": 12.199999988079071,
        "stddev": 3.2928710829526837
      }
    }
  }
}