{
  "browser": "Chrome 143.0.0.0",
  "bundle_sizes": {
    "coi": 39377,
    "react": 145411,
    "vue": 63043,
    "svelte": 28917
  },
  "dom_performance": {
    "coi": {
      "Create 1,000 rows": {
        "mean": 95.0,
        "median": 91.1,
        "min": 78.8,
        "max": 120.4,
        "stddev": 15.799208840951502
      },
      "Clear rows": {
        "mean": 12.133333333333333,
        "median": 12.1,
        "min": 12.1,
        "max": 12.2,
        "stddev": 0.05773502691896237
      },
      "Create 1,000 rows (2nd)": {
        "mean": 88.52,
        "median": 90.9,
        "min": 84.8,
        "max": 91,
        "stddev": 3.35067157447578
      },
      "Update 1,000 rows": {
        "mean": 12.149999999999999,
        "median": 12.149999999999999,
        "min": 12.1,
        "max": 12.2,
        "stddev": 0.05773502691896237
      },
      "Swap rows": {
        "mean": 12.2,
        "median": 12.2,
        "min": 12.1,
        "max": 12.3,
        "stddev": 0.10000000000000053
      },
      "Clear rows (2nd)": {
        "mean": 12.166666666666666,
        "median": 12.2,
        "min": 12.1,
        "max": 12.2,
        "stddev": 0.05773502691896237
      }
    },
    "react": {
      "Create 1,000 rows": {
        "mean": 74.6,
        "median": 73.9,
        "min": 67.6,
        "max": 81.5,
        "stddev": 5.291502622129183
      },
      "Clear rows": {
        "mean": 2.98,
        "median": 1.4,
        "min": 0.6,
        "max": 10,
        "stddev": 3.942334333868704
      },
      "Create 1,000 rows (2nd)": {
        "mean": 71.6,
        "median": 72.1,
        "min": 70.4,
        "max": 72.4,
        "stddev": 0.9300537618869125
      },
      "Update 1,000 rows": {
        "mean": 39.94,
        "median": 42.4,
        "min": 24.1,
        "max": 48.9,
        "stddev": 9.338254654912769
      },
      "Swap rows": {
        "mean": 66.58,
        "median": 67.2,
        "min": 56.6,
        "max": 75.6,
        "stddev": 8.506585684045035
      },
      "Clear rows (2nd)": {
        "mean": 4.92,
        "median": 1.5,
        "min": 1.2,
        "max": 19.1,
        "stddev": 7.927925327599902
      }
    },
    "vue": {
      "Create 1,000 rows": {
        "mean": 68.44,
        "median": 67.1,
        "min": 62.9,
        "max": 76.5,
        "stddev": 5.984814115743278
      },
      "Clear rows": {
        "mean": 4.78,
        "median": 1.9,
        "min": 1.5,
        "max": 12.3,
        "stddev": 4.691694789732171
      },
      "Create 1,000 rows (2nd)": {
        "mean": 64.28,
        "median": 63.6,
        "min": 62.8,
        "max": 66.9,
        "stddev": 1.663430190900721
      },
      "Update 1,000 rows": {
        "mean": 36.24,
        "median": 35.1,
        "min": 27.8,
        "max": 45.6,
        "stddev": 8.4642188062455
      },
      "Swap rows": {
        "mean": 16.72,
        "median": 15.4,
        "min": 13.4,
        "max": 22.6,
        "stddev": 3.772532306024695
      },
      "Clear rows (2nd)": {
        "mean": 4.52,
        "median": 2.5,
        "min": 1.7,
        "max": 13.1,
        "stddev": 4.815807305115104
      }
    },
    "svelte": {
      "Create 1,000 rows": {
        "mean": 73.2,
        "median": 75.9,
        "min": 57.7,
        "max": 84.8,
        "stddev": 9.94132787911152
      },
      "Clear rows": {
        "mean": 4.16,
        "median": 1.7,
        "min": 1.5,
        "max": 11,
        "stddev": 4.097926304852248
      },
      "Create 1,000 rows (2nd)": {
        "mean": 75.96000000000001,
        "median": 75.7,
        "min": 72.4,
        "max": 81.5,
        "stddev": 3.474622281630047
      },
      "Update 1,000 rows": {
        "mean": 40.22,
        "median": 41.6,
        "min": 35.6,
        "max": 42.9,
        "stddev": 3.1387895756166895
      },
      "Swap rows": {
        "mean": 9.85,
        "median": 9.649999999999999,
        "min": 9.4,
        "max": 10.7,
        "stddev": 0.5802298395176401
      },
      "Clear rows (2nd)": {
        "mean": 4.2,
        "median": 1.7,
        "min": 1.1,
        "max": 13.4,
        "stddev": 5.210566188045211
      }
    }
  }
}